<?xml version="1.0" encoding="UTF-8"?>
<!-- Default values for parameters. Do NOT alter this file, use params.local.xml instead -->
<parameters>
  <itop_url>https://localhost/iTop</itop_url>
  <itop_login>admin</itop_login>
  <itop_password>admin</itop_password>
  <itop_token/>
  <itop_login_mode/>

  <!-- console_log_level: level of logging to console (std output)
  -1 : none, nothing will be logged to the console
   0 : System wide emergency errors only (LOG_EMERG)
   1 : Alert errors (LOG_ALERT)
   2 : Critical errors (LOG_CRIT)
   3 : Application level errors (LOG_ERR)
   4 : Warnings
   5 : Notice
   6 : Information
   7 : Debug traces
   -->
  <console_log_level>6</console_log_level>

  <!-- eventissue_log_level: level of creating event issue object on remote itop
  -1 : none, nothing will be logged to the console
   0 : System wide emergency errors only (LOG_EMERG)
   1 : Alert errors (LOG_ALERT)
   2 : Critical errors (LOG_CRIT)
   3 : Application level errors (LOG_ERR)
   4 : Warnings
   5 : Notice
   6 : Information
   7 : Debug traces
   -->
  <eventissue_log_level>-1</eventissue_log_level>

  <!--
    dateformat: logging date format
    Example: [Y-m-d H:i:s] => will produce a log like "[2020-04-29 14:36:16]	[Info]	......"
  -->
  <console_log_dateformat>[Y-m-d H:i:s]</console_log_dateformat>

  <!-- syslog_log_level: level of logging to Syslog
  -1 : none, nothing will be logged to syslog
   0 : System wide emergency errors (LOG_EMERG)
   1 : Alert errors (LOG_ALERT)
   2 : Critical errors (LOG_CRIT)
   3 : Application level errors (LOG_ERR)
   4 : Warnings
   5 : Notice
   6 : Information
   7 : Debug traces
   -->
  <syslog_log_level>-1</syslog_log_level>

  <!-- data_path: location where to store the temporary data (.raw and .csv files).
  Make sure that you change this value if you run several instances of the collector
  from the same location (with different configuration files).
  You can use the placeholder %APPROOT% to build a path relative to the location of the collector itself
   -->
  <data_path>%APPROOT%/data</data_path>

  <!-- Maximum number of elements to process in one iteration (for upload and synchro in iTop) -->
  <max_chunk_size>1000</max_chunk_size>
  <!-- Timeout for waiting for the execution of one data synchro task (in seconds) -->
  <itop_synchro_timeout>600</itop_synchro_timeout>
  <!-- Whether or not to stop when an error occurs during a synchronization -->
  <stop_on_synchro_error>no</stop_on_synchro_error>
  <!-- When using cUrl to connect to the iTop Webservices the cUrl options can be specified below
  The syntax is:
  <NAME_OF_THE_OPTION1>VALUE_OF_THE_OPTION1</NAME_OF_THE_OPTION1>
  <NAME_OF_THE_OPTION2>VALUE_OF_THE_OPTION2</NAME_OF_THE_OPTION2>
  etc...

  Where NAME_OF_THE_OPTIONx and VALUE_OF_THE_OPTIONx are either:
  - The numeric value of the option
  - or the string representation of the corresponding PHP "define" (case sensitive)

  The four examples below are equivalent:
   <CURLOPT_SSLVERSION>CURL_SSLVERSION_TLSv1_2</CURLOPT_SSLVERSION>
  or
   <CURLOPT_SSLVERSION>6</CURLOPT_SSLVERSION>
  or
   <32>CURL_SSLVERSION_TLSv1_2</32>
  or
   <32>6</32>

  Since in PHP we have:
  define ('CURLOPT_SSLVERSION', 32);
  define ('CURL_SSLVERSION_TLSv1_2', 6);

  Note: because the recommandation about which is the best SSL/TLS version
        to use varies over time (as security bugs are found in the procotols)
        it is BETTER NOT TO force any SSL/TLS version at all and let the
        system decide which version to use.

	However if the web server running iTop requires a specific TLS/SSL
        version you can use the configuration to force it anyway...
        but be prepared to revisit this setting regularly.
  -->
  <curl_options>
    <CURLOPT_SSL_VERIFYHOST>0</CURLOPT_SSL_VERIFYHOST>
    <CURLOPT_SSL_VERIFYPEER>1</CURLOPT_SSL_VERIFYPEER>
  </curl_options>

  <!-- The email address of an existing contact in iTop, to be notified in case of error during the synchronization -->
  <contact_to_notify></contact_to_notify>
  <!-- iTop user set as allowed to run synchronization. It is highly recommended to use the same as itop_login. By default, it is the same as itop_login -->
  <synchro_user></synchro_user>
  <!-- date format in collected data -->
  <date_format>Y-m-d</date_format>
</parameters>
