<?xml version="1.0" encoding="UTF-8"?>
<extension format="1.0">
	<extension_code>combodo-azure-data-collector</extension_code>
	<company>Combodo SARL</company>
	<author><![CDATA[Christophe]]></author>
	<label><![CDATA[Data collector for Microsoft Azure]]></label>
	<description><![CDATA[Synchronization of Azure objects]]></description>
	<version>2.0.1</version>
	<modules type="array">
		<module>
			<id>itop-data-collector-base</id>
			<version>tags/1.4.0</version>
		</module>
		<module>
			<id>itop-data-collector-ms-azure</id>
			<version>tags/2.0.1</version>
		</module>
		<module>
			<id>itop-data-collector-ms-base</id>
			<version>tags/2.2.0</version>
		</module>
	</modules>
	<release_date>2024-09-03</release_date>
	<version_description><![CDATA[
	* N°6368 - Attribute azuretags is missing in the list of optional attributes for Location and Azure Resource Group
	* N°7706 - Wrong PHP constants used in some collector classes
      ]]></version_description>
	<itop_version_min></itop_version_min>
	<status></status>
	<mandatory>false</mandatory>
	<more_info_url>https://wiki.openitop.org/doku.php?id=extensions:combodo-azure-data-collector</more_info_url>
</extension>
