{
  "name" : "$azureprivateendpoint_synchro_name$ - $ms_tenantid_short$",
  "description" : "Discovery of Azure private endpoints by Azure collector",
  "status" : "$synchro_status$",
  "user_id" : "$synchro_user$",
  "notify_contact_id" : "$contact_to_notify$",
  "scope_class" : "AzurePrivateEndpoint",
  "database_table_name" : "synchro_data_azureprivateendpoint_$ms_tenantid_short$",
  "scope_restriction" : "",
  "full_load_periodicity" : "$full_load_interval$",
  "reconciliation_policy" : "use_attributes",
  "action_on_zero" : "create",
  "action_on_one" : "update",
  "action_on_multiple" : "error",
  "delete_policy" : "ignore",
  "delete_policy_update" : "",
  "delete_policy_retention" : "0",
  "attribute_list" : [
    {
      "attcode" : "applicationsolution_list",
      "update" : "0",
      "reconcile" : "0",
      "update_policy" : "master_unlocked",
      "row_separator" : "|",
      "attribute_separator" : ";",
      "value_separator" : ":",
      "attribute_qualifier" : "'",
      "finalclass" : "SynchroAttLinkSet"
    },
    {
      "attcode" : "azureid",
      "update" : "1",
      "reconcile" : "1",
      "update_policy" : "master_locked",
      "finalclass" : "SynchroAttribute"
    },
    {
      "attcode" : "azurenetworkinterfaces_list",
      "update" : "1",
      "reconcile" : "0",
      "update_policy" : "master_locked",
      "row_separator" : "|",
      "attribute_separator" : ";",
      "value_separator" : ":",
      "attribute_qualifier" : "'",
      "finalclass" : "SynchroAttLinkSet"
    },
    {
      "attcode" : "azureresourcegroup_id",
      "update" : "1",
      "reconcile" : "0",
      "update_policy" : "master_locked",
      "reconciliation_attcode" : "name",
      "finalclass" : "SynchroAttExtKey"
    },
    {
      "attcode" : "azuresubnet_id",
      "update" : "1",
      "reconcile" : "0",
      "update_policy" : "master_locked",
      "reconciliation_attcode" : "azureid",
      "finalclass": "SynchroAttExtKey"
    },
    {
      "attcode": "azuresubscription_id",
      "update": "1",
      "reconcile": "0",
      "update_policy": "master_locked",
      "reconciliation_attcode": "subscriptionid",
      "finalclass": "SynchroAttExtKey"
    },
    {
      "attcode": "azuretags",
      "update": "1",
      "reconcile": "0",
      "update_policy": "master_locked",
      "finalclass": "SynchroAttribute"
    },
    {
      "attcode": "business_criticity",
      "update": "1",
      "reconcile": "0",
      "update_policy": "write_if_empty",
      "finalclass": "SynchroAttribute"
    },
    {
      "attcode": "contacts_list",
      "update": "0",
      "reconcile" : "0",
      "update_policy" : "master_unlocked",
      "row_separator" : "|",
      "attribute_separator" : ";",
      "value_separator" : ":",
      "attribute_qualifier" : "'",
      "finalclass" : "SynchroAttLinkSet"
    },
    {
      "attcode" : "description",
      "update" : "0",
      "reconcile" : "0",
      "update_policy" : "master_unlocked",
      "finalclass" : "SynchroAttribute"
    },
    {
      "attcode" : "documents_list",
      "update" : "0",
      "reconcile" : "0",
      "update_policy" : "master_unlocked",
      "row_separator" : "|",
      "attribute_separator" : ";",
      "value_separator" : ":",
      "attribute_qualifier" : "'",
      "finalclass" : "SynchroAttLinkSet"
    },
    {
      "attcode" : "location_id",
      "update" : "1",
      "reconcile" : "0",
      "update_policy" : "master_locked",
      "reconciliation_attcode" : "code",
      "finalclass" : "SynchroAttExtKey"
    },
    {
      "attcode" : "move2production",
      "update" : "0",
      "reconcile" : "0",
      "update_policy" : "master_unlocked",
      "finalclass" : "SynchroAttribute"
    },
    {
      "attcode" : "name",
      "update" : "1",
      "reconcile" : "0",
      "update_policy" : "master_locked",
      "finalclass" : "SynchroAttribute"
    },
    {
      "attcode" : "org_id",
      "update" : "1",
      "reconcile" : "0",
      "update_policy" : "master_locked",
      "reconciliation_attcode" : "name",
      "finalclass" : "SynchroAttExtKey"
    },
    {
      "attcode" : "providercontracts_list",
      "update" : "0",
      "reconcile" : "0",
      "update_policy" : "master_unlocked",
      "row_separator" : "|",
      "attribute_separator" : ";",
      "value_separator" : ":",
      "attribute_qualifier" : "'",
      "finalclass" : "SynchroAttLinkSet"
    },
    {
      "attcode" : "provisioning_status",
      "update" : "1",
      "reconcile" : "0",
      "update_policy" : "master_locked",
      "finalclass" : "SynchroAttribute"
    },
    {
      "attcode" : "services_list",
      "update" : "0",
      "reconcile" : "0",
      "update_policy" : "master_unlocked",
      "row_separator" : "|",
      "attribute_separator" : ";",
      "value_separator" : ":",
      "attribute_qualifier" : "'",
      "finalclass" : "SynchroAttLinkSet"
    },
    {
      "attcode" : "status",
      "update" : "1",
      "reconcile" : "0",
      "update_policy" : "master_locked",
      "finalclass" : "SynchroAttribute"
    },
    {
      "attcode" : "tickets_list",
      "update" : "0",
      "reconcile" : "0",
      "update_policy" : "master_unlocked",
      "row_separator" : "|",
      "attribute_separator" : ";",
      "value_separator" : ":",
      "attribute_qualifier" : "'",
      "finalclass" : "SynchroAttLinkSet"
    }
  ],
  "user_delete_policy" : "administrators",
  "url_icon" : "",
  "url_application" : "",
  "notify_contact_id_obsolescence_flag" : ""
}