{
  "name": "$azuresku_synchro_name$ - $ms_tenantid_short$",
  "description": "Discovery of Azure SKUs by Azure collector",
  "status": "$synchro_status$",
  "user_id": "$synchro_user$",
  "notify_contact_id": "$contact_to_notify$",
  "scope_class": "AzureSKU",
  "database_table_name": "synchro_data_azuresku_$ms_tenantid_short$",
  "scope_restriction": "",
  "full_load_periodicity": "$full_load_interval$",
  "reconciliation_policy": "use_attributes",
  "action_on_zero": "create",
  "action_on_one": "update",
  "action_on_multiple": "error",
  "delete_policy": "ignore",
  "delete_policy_update": "",
  "delete_policy_retention": "0",
  "attribute_list": [
    {
      "attcode": "family",
      "update": "1",
      "reconcile": "0",
      "update_policy": "master_locked",
      "finalclass": "SynchroAttribute"
    },
    {
      "attcode": "maxbandwidthmbps",
      "update": "1",
      "reconcile": "0",
      "update_policy": "master_locked",
      "finalclass": "SynchroAttribute"
    },
    {
      "attcode": "maxiops",
      "update": "1",
      "reconcile": "0",
      "update_policy": "master_locked",
      "finalclass": "SynchroAttribute"
    },
    {
      "attcode": "maxnetworkinterfaces",
      "update": "1",
      "reconcile": "0",
      "update_policy": "master_locked",
      "finalclass": "SynchroAttribute"
    },
    {
      "attcode": "maxresourcevolumemb",
      "update": "1",
      "reconcile": "0",
      "update_policy": "master_locked",
      "finalclass": "SynchroAttribute"
    },
    {
      "attcode": "maxsizegib",
      "update": "1",
      "reconcile": "0",
      "update_policy": "master_locked",
      "finalclass": "SynchroAttribute"
    },
    {
      "attcode": "memorygb",
      "update": "1",
      "reconcile": "0",
      "update_policy": "master_locked",
      "finalclass": "SynchroAttribute"
    },
    {
      "attcode": "name",
      "update": "1",
      "reconcile": "1",
      "update_policy": "master_locked",
      "finalclass": "SynchroAttribute"
    },
    {
      "attcode": "osvhdsizemb",
      "update": "1",
      "reconcile": "0",
      "update_policy": "master_locked",
      "finalclass": "SynchroAttribute"
    },
    {
      "attcode": "size",
      "update": "1",
      "reconcile": "1",
      "update_policy": "master_locked",
      "finalclass": "SynchroAttribute"
    },
    {
      "attcode": "tier",
      "update": "1",
      "reconcile": "0",
      "update_policy": "master_locked",
      "finalclass": "SynchroAttribute"
    },
    {
      "attcode": "type",
      "update": "1",
      "reconcile": "0",
      "update_policy": "master_locked",
      "finalclass": "SynchroAttribute"
    },
    {
      "attcode": "vcpus",
      "update": "1",
      "reconcile": "0",
      "update_policy": "master_locked",
      "finalclass": "SynchroAttribute"
    },
    {
      "attcode": "vcpuspercore",
      "update": "1",
      "reconcile": "0",
      "update_policy": "master_locked",
      "finalclass": "SynchroAttribute"
    }
  ],
  "user_delete_policy": "administrators",
  "url_icon": "",
  "url_application": ""
}