{
    "name": "$ipv6address_synchro_name$ - $ms_tenantid_short$",
    "description": "Discovery of IPv6 Addresses by Azure collector",
    "status": "$synchro_status$",
    "user_id": "$synchro_user$",
    "notify_contact_id": "$contact_to_notify$",
    "scope_class": "IPv6Address",
    "database_table_name": "synchro_data_ipv6address_$ms_tenantid_short$",
    "scope_restriction": "",
    "full_load_periodicity": "$full_load_interval$",
    "reconciliation_policy": "use_attributes",
    "action_on_zero": "create",
    "action_on_one": "update",
    "action_on_multiple": "error",
    "delete_policy": "ignore",
    "delete_policy_update": "",
    "delete_policy_retention": "0",
    "attribute_list": [
        {
            "attcode": "aliases",
            "update": "0",
            "reconcile": "0",
            "update_policy": "master_locked",
            "finalclass": "SynchroAttribute"
        },
        {
            "attcode": "allocation_date",
            "update": "0",
            "reconcile": "0",
            "update_policy": "master_locked",
            "finalclass": "SynchroAttribute"
        },
        {
            "attcode": "azureip",
            "update": "1",
            "reconcile": "0",
            "update_policy": "master_locked",
            "finalclass": "SynchroAttribute"
        },
        {
            "attcode": "comment",
            "update": "0",
            "reconcile": "0",
            "update_policy": "master_locked",
            "finalclass": "SynchroAttribute"
        },
        {
            "attcode": "contact_list",
            "update": "0",
            "reconcile": "0",
            "update_policy": "master_locked",
            "row_separator": "|",
            "attribute_separator": ";",
            "value_separator": ":",
            "attribute_qualifier": "'",
            "finalclass": "SynchroAttLinkSet"
        },
        {
            "attcode": "document_list",
            "update": "0",
            "reconcile": "0",
            "update_policy": "master_locked",
            "row_separator": "|",
            "attribute_separator": ";",
            "value_separator": ":",
            "attribute_qualifier": "'",
            "finalclass": "SynchroAttLinkSet"
        },
        {
            "attcode": "domain_id",
            "update": "0",
            "reconcile": "0",
            "update_policy": "master_locked",
            "reconciliation_attcode": "",
            "finalclass": "SynchroAttExtKey"
        },
        {
            "attcode": "fqdn",
            "update": "0",
            "reconcile": "0",
            "update_policy": "master_locked",
            "finalclass": "SynchroAttribute"
        },
        {
            "attcode": "fqdn_from_iplookup",
            "update": "0",
            "reconcile": "0",
            "update_policy": "master_locked",
            "finalclass": "SynchroAttribute"
        },
        {
            "attcode": "ip",
            "update": "1",
            "reconcile": "1",
            "update_policy": "master_locked",
            "finalclass": "SynchroAttribute"
        },
        {
            "attcode": "ip_allow_duplicate_name",
            "update": "0",
            "reconcile": "0",
            "update_policy": "master_locked",
            "finalclass": "SynchroAttribute"
        },
        {
            "attcode": "ip_list",
            "update": "0",
            "reconcile": "0",
            "update_policy": "master_locked",
            "row_separator": "|",
            "attribute_separator": ";",
            "value_separator": ":",
            "attribute_qualifier": "'",
            "finalclass": "SynchroAttLinkSet"
        },
        {
            "attcode": "ipconfig_id",
            "update": "1",
            "reconcile": "0",
            "update_policy": "master_locked",
            "reconciliation_attcode": "",
            "finalclass": "SynchroAttExtKey"
        },
        {
            "attcode": "last_discovery_date",
            "update": "0",
            "reconcile": "0",
            "update_policy": "master_locked",
            "finalclass": "SynchroAttribute"
        },
        {
            "attcode": "org_id",
            "update": "1",
            "reconcile": "1",
            "update_policy": "master_locked",
            "reconciliation_attcode": "name",

            "finalclass": "SynchroAttExtKey"
        },
        {
            "attcode": "ping_before_assign",
            "update": "0",
            "reconcile": "0",
            "update_policy": "master_locked",
            "finalclass": "SynchroAttribute"
        },
        {
            "attcode": "range_id",
            "update": "0",
            "reconcile": "0",
            "update_policy": "master_locked",
            "reconciliation_attcode": "",
            "finalclass": "SynchroAttExtKey"
        },
        {
            "attcode": "release_date",
            "update": "0",
            "reconcile": "0",
            "update_policy": "master_locked",
            "finalclass": "SynchroAttribute"
        },
        {
            "attcode": "requestor_id",
            "update": "0",
            "reconcile": "0",
            "update_policy": "master_locked",
            "reconciliation_attcode": "",
            "finalclass": "SynchroAttExtKey"
        },
        {
            "attcode": "responds_to_iplookup",
            "update": "0",
            "reconcile": "0",
            "update_policy": "master_locked",
            "finalclass": "SynchroAttribute"
        },
        {
            "attcode": "responds_to_ping",
            "update": "0",
            "reconcile": "0",
            "update_policy": "master_locked",
            "finalclass": "SynchroAttribute"
        },
        {
            "attcode": "responds_to_scan",
            "update": "0",
            "reconcile": "0",
            "update_policy": "master_locked",
            "finalclass": "SynchroAttribute"
        },
        {
            "attcode": "short_name",
            "update": "1",
            "reconcile": "0",
            "update_policy": "master_locked",
            "finalclass": "SynchroAttribute"
        },
        {
            "attcode": "status",
            "update": "1",
            "reconcile": "0",
            "update_policy": "master_locked",
            "finalclass": "SynchroAttribute"
        },
        {
            "attcode": "subnet_id",
            "update": "1",
            "reconcile": "0",
            "update_policy": "master_unlocked",
            "reconciliation_attcode": "",
            "finalclass": "SynchroAttExtKey"
        },
        {
            "attcode": "usage_id",
            "update": "0",
            "reconcile": "0",
            "update_policy": "master_locked",
            "reconciliation_attcode": "",
            "finalclass": "SynchroAttExtKey"
        },
        {
            "attcode": "view_id",
            "update": "0",
            "reconcile": "0",
            "update_policy": "master_locked",
            "reconciliation_attcode": "",
            "finalclass": "SynchroAttExtKey"
        }
    ],
    "user_delete_policy": "administrators",
    "url_icon": "",
    "url_application": ""
}